{"cameraMode":{"drawMode":0,"name":"Shaded","section":"Shading Mode"},"sceneLighting":false,"audioPlay":false,"sceneViewState":{"m_AlwaysRefresh":false,"showFog":true,"showSkybox":false,"showFlares":true,"showImageEffects":true,"showParticleSystems":true,"showVisualEffectGraphs":true,"m_FxEnabled":true},"in2DMode":false,"pivot":{"x":-0.3750208020210266,"y":3.708177089691162,"z":-11.673262596130371},"rotation":{"x":0.0038336932193487884,"y":-0.9924467206001282,"z":0.11815810948610306,"w":0.032165128737688068},"size":0.8660253882408142,"orthographic":false}