{"cameraMode":{"drawMode":0,"name":"Shaded","section":"Shading Mode"},"sceneLighting":true,"audioPlay":false,"sceneViewState":{"m_AlwaysRefresh":false,"showFog":true,"showSkybox":true,"showFlares":true,"showImageEffects":true,"showParticleSystems":true,"showVisualEffectGraphs":true,"m_FxEnabled":true},"in2DMode":false,"pivot":{"x":5.547174453735352,"y":6.967950820922852,"z":10.479745864868164},"rotation":{"x":-0.20834432542324067,"y":-0.03196977451443672,"z":0.006815781816840172,"w":-0.9774798154830933},"size":27.973915100097658,"orthographic":false}