{"cameraMode":{"drawMode":0,"name":"Shaded","section":"Shading Mode"},"sceneLighting":true,"audioPlay":false,"sceneViewState":{"m_AlwaysRefresh":false,"showFog":true,"showSkybox":true,"showFlares":true,"showImageEffects":true,"showParticleSystems":true,"showVisualEffectGraphs":true,"m_FxEnabled":true},"in2DMode":false,"pivot":{"x":1.3888911008834839,"y":9.732943534851075,"z":6.313457489013672},"rotation":{"x":0.01896788738667965,"y":-0.9150599241256714,"z":0.4004402160644531,"w":0.04341641813516617},"size":1.2247449159622193,"orthographic":false}