{"cameraMode":{"drawMode":0,"name":"Shaded","section":"Shading Mode"},"sceneLighting":true,"audioPlay":false,"sceneViewState":{"m_AlwaysRefresh":false,"showFog":true,"showSkybox":true,"showFlares":true,"showImageEffects":true,"showParticleSystems":true,"showVisualEffectGraphs":true,"m_FxEnabled":true},"in2DMode":false,"pivot":{"x":-2.124239683151245,"y":1.9423691034317017,"z":-1.9424402713775635},"rotation":{"x":0.06201883777976036,"y":0.9056715369224548,"z":-0.14244744181632996,"w":0.39438143372535708},"size":5.838615894317627,"orthographic":false}