{"cameraMode":{"drawMode":0,"name":"Shaded","section":"Shading Mode"},"sceneLighting":true,"audioPlay":false,"sceneViewState":{"m_AlwaysRefresh":false,"showFog":true,"showSkybox":true,"showFlares":true,"showImageEffects":true,"showParticleSystems":true,"showVisualEffectGraphs":true,"m_FxEnabled":true},"in2DMode":false,"pivot":{"x":-15.571200370788575,"y":26.368215560913087,"z":27.11989974975586},"rotation":{"x":-0.11471925675868988,"y":-0.8710379600524902,"z":0.41113150119781496,"w":-0.24303606152534486},"size":1.2247449159622193,"orthographic":false}